Workbook

Sheet Input
B4: Total Claims Incurred
B6: AY | C6: 0 | D6: =C6+1 -> 1 | E6: =D6+1 -> 2 | F6: =E6+1 -> 3 | G6: =F6+1 -> 4 | H6: =G6+1 -> 5 | I6: Expected premium
B7: 2009 | C7: 2866 | D7: 3334 | E7: 3503 | F7: 3624 | G7: 3719 | H7: 3717 | I7: 4486
B8: =B7+1 -> 2010 | C8: 3359 | D8: 3889 | E8: 4033 | F8: 4231 | G8: 4319 | I8: 5024
B9: =B8+1 -> 2011 | C9: 3848 | D9: 4503 | E9: 4779 | F9: 4946 | I9: 5680
B10: =B9+1 -> 2012 | C10: 4673 | D10: 5422 | E10: 5676 | I10: 6590
B11: =B10+1 -> 2013 | C11: 5369 | D11: 6142 | I11: 7482
B12: =B11+1 -> 2014 | C12: 5818 | I12: 8502

Sheet Processing
B2: Total Ultimate Claims | C2: =SUM(O10:O15) -> 33275.511 | E2: Password | F2: HarshAgarwal
B3: Total Reported Claims | C3: =SUM(J10:J15) -> 30618
B4: Reserve | C4: =C2-C3 -> 2657.5108
B7: Total Claims Incurred
B9: AY | C9: 0 | D9: =C9+1 -> 1 | E9: =D9+1 -> 2 | F9: =E9+1 -> 3 | G9: =F9+1 -> 4 | H9: =G9+1 -> 5 | I9: Expected premium | J9: Reported Claims | L9: Loss Ratio | M9: Ultimate | N9: Emerging Liability | O9: Updated Ultimate Loss
B10: 2009 | C10: 2866 | D10: 3334 | E10: 3503 | F10: 3624 | G10: 3719 | H10: 3717 | I10: 4486 | J10: =OFFSET(B10,0,COUNT(C10:H10),1,1) -> 3717 | L10: =M10/I10 -> 0.8285778 | M10: =H10 -> 3717 | N10: 0 | O10: =N10+J10 -> 3717
B11: =B10+1 -> 2010 | C11: 3359 | D11: 3889 | E11: 4033 | F11: 4231 | G11: 4319 | I11: 5024 | J11: =OFFSET(B11,0,COUNT(C11:H11),1,1) -> 4319 | M11: =I11*$L$10 -> 4162.7749 | N11: =M11*(($H$18-1)/$H$18) -> -2.2398573 | O11: =N11+J11 -> 4316.7601
B12: =B11+1 -> 2011 | C12: 3848 | D12: 4503 | E12: 4779 | F12: 4946 | I12: 5680 | J12: =OFFSET(B12,0,COUNT(C12:H12),1,1) -> 4946 | M12: =I12*$L$10 -> 4706.3219 | N12: =M12*(($G$18-1)/$G$18) -> 104.67349 | O12: =N12+J12 -> 5050.6735
B13: =B12+1 -> 2012 | C13: 4673 | D13: 5422 | E13: 5676 | I13: 6590 | J13: =OFFSET(B13,0,COUNT(C13:H13),1,1) -> 5676 | M13: =I13*$L$10 -> 5460.3277 | N13: =M13*(($F$18-1)/$F$18) -> 324.13829 | O13: =N13+J13 -> 6000.1383
B14: =B13+1 -> 2013 | C14: 5369 | D14: 6142 | I14: 7482 | J14: =OFFSET(B14,0,COUNT(C14:H14),1,1) -> 6142 | M14: =I14*$L$10 -> 6199.4191 | N14: =M14*(($E$18-1)/$E$18) -> 641.25337 | O14: =N14+J14 -> 6783.2534
B15: =B14+1 -> 2014 | C15: 5818 | I15: 8502 | J15: =OFFSET(B15,0,COUNT(C15:H15),1,1) -> 5818 | M15: =I15*$L$10 -> 7044.5684 | N15: =M15*(($D$18-1)/$D$18) -> 1589.6855 | O15: =N15+J15 -> 7407.6855
B17: Ratio | D17: =SUM(D10:D14)/SUM(C10:C14) -> 1.1578424 | E17: =SUM(E10:E13)/SUM(D10:D13) -> 1.0491603 | F17: =SUM(F10:F12)/SUM(E10:E12) -> 1.0394641 | G17: =SUM(G10:G11)/SUM(F10:F11) -> 1.0232973 | H17: =SUM(H10)/SUM(G10) -> 0.99946222
B18: Development Factor | D18: =PRODUCT(D17:$H$17) -> 1.2914243 | E18: =PRODUCT(E17:$H$17) -> 1.1153714 | F18: =PRODUCT(F17:$H$17) -> 1.0631087 | G18: =PRODUCT(G17:$H$17) -> 1.022747 | H18: =PRODUCT(H17:$H$17) -> 0.99946222

Sheet Output
B2: =Processing!B2:C4 -> Total Ultimate Claims | C2: =Processing!C2:D4 -> 33275.511
B3: =Processing!B3:C5 -> Total Reported Claims | C3: =Processing!C3:D5 -> 30618
B4: =Processing!B4:C6 -> Reserve | C4: =Processing!C4:D6 -> 2657.5108
