Workbook

Sheet Input
B2: For Basic Chain Ladder Method
B4: Year 2014 | G4: Year 2015 | L4: Year 2016 | Q4: Year 2017 | V4: Year 2018 | AA4: Year 2019 | AF4: Year 2020
B5: LOB | C5: Age | D5: Accident Year | E5: Claim Size (000s) | G5: LOB | H5: Age | I5: Accident Year | J5: Claim Size (000s) | L5: LOB | M5: Age | N5: Accident Year | O5: Claim Size (000s) | Q5: LOB | R5: Age | S5: Accident Year | T5: Claim Size (000s) | V5: LOB | W5: Age | X5: Accident Year | Y5: Claim Size (000s) | AA5: LOB | AB5: Age | AC5: Accident Year | AD5: Claim Size (000s) | AF5: LOB | AG5: Age | AH5: Accident Year | AI5: Claim Size (000s)
B6: H3 | C6: 12 | D6: 2014 | E6: 64 | G6: H3 | H6: 12 | I6: 2015 | J6: 80 | L6: H3 | M6: 12 | N6: 2016 | O6: 90 | Q6: H3 | R6: 12 | S6: 2017 | T6: 90 | V6: H3 | W6: 12 | X6: 2018 | Y6: 80 | AA6: H3 | AB6: 12 | AC6: 2019 | AD6: 90 | AF6: H3 | AG6: 12 | AH6: 2020 | AI6: 80
B7: H3 | C7: 12 | D7: 2014 | E7: 53 | G7: H3 | H7: 12 | I7: 2015 | J7: 70 | L7: H3 | M7: 12 | N7: 2016 | O7: 80 | Q7: H3 | R7: 12 | S7: 2017 | T7: 85 | V7: H3 | W7: 12 | X7: 2018 | Y7: 75 | AA7: H3 | AB7: 12 | AC7: 2019 | AD7: 85 | AF7: H3 | AG7: 12 | AH7: 2020 | AI7: 75
B8: H3 | C8: 12 | D8: 2014 | E8: 23 | G8: H3 | H8: 12 | I8: 2015 | J8: 60 | L8: H3 | M8: 12 | N8: 2016 | O8: 60 | Q8: H3 | R8: 12 | S8: 2017 | T8: 70 | V8: H3 | W8: 12 | X8: 2018 | Y8: 70 | AA8: H3 | AB8: 12 | AC8: 2019 | AD8: 80 | AF8: H3 | AG8: 12 | AH8: 2020 | AI8: 60
B9: H3 | C9: 12 | D9: 2014 | E9: 110 | G9: H3 | H9: 12 | I9: 2015 | J9: 90 | L9: H3 | M9: 12 | N9: 2016 | O9: 65 | Q9: H3 | R9: 12 | S9: 2017 | T9: 60 | V9: H3 | W9: 12 | X9: 2018 | Y9: 90 | AA9: H3 | AB9: 12 | AC9: 2019 | AD9: 70 | AF9: H3 | AG9: 12 | AH9: 2020 | AI9: 70
B10: H3 | C10: 12 | D10: 2014 | E10: 132 | G10: H3 | H10: 12 | I10: 2015 | J10: 75 | L10: H3 | M10: 12 | N10: 2016 | O10: 90 | Q10: H3 | R10: 12 | S10: 2017 | T10: 94 | V10: H3 | W10: 12 | X10: 2018 | Y10: 82 | AA10: H3 | AB10: 12 | AC10: 2019 | AD10: 97 | AF10: H3 | AG10: 12 | AH10: 2020 | AI10: 100
B11: H3 | C11: 24 | D11: 2014 | E11: 34 | G11: H3 | H11: 24 | I11: 2015 | J11: 120 | L11: H3 | M11: 24 | N11: 2016 | O11: 130 | Q11: H3 | R11: 24 | S11: 2017 | T11: 100 | V11: H3 | W11: 24 | X11: 2018 | Y11: 120 | AA11: H3 | AB11: 24 | AC11: 2019 | AD11: 100
B12: H3 | C12: 24 | D12: 2014 | E12: 125 | G12: H3 | H12: 24 | I12: 2015 | J12: 90 | L12: H3 | M12: 24 | N12: 2016 | O12: 80 | Q12: H3 | R12: 24 | S12: 2017 | T12: 80 | V12: H3 | W12: 24 | X12: 2018 | Y12: 80 | AA12: H3 | AB12: 24 | AC12: 2019 | AD12: 80
B13: H3 | C13: 24 | D13: 2014 | E13: 33 | G13: H3 | H13: 24 | I13: 2015 | J13: 40 | L13: H3 | M13: 24 | N13: 2016 | O13: 40 | Q13: H3 | R13: 24 | S13: 2017 | T13: 40 | V13: H3 | W13: 24 | X13: 2018 | Y13: 30 | AA13: H3 | AB13: 24 | AC13: 2019 | AD13: 40
B14: H3 | C14: 24 | D14: 2014 | E14: 57 | G14: H3 | H14: 24 | I14: 2015 | J14: 55 | L14: H3 | M14: 24 | N14: 2016 | O14: 60 | Q14: H3 | R14: 24 | S14: 2017 | T14: 71 | V14: H3 | W14: 24 | X14: 2018 | Y14: 60 | AA14: H3 | AB14: 24 | AC14: 2019 | AD14: 60
B15: H3 | C15: 24 | D15: 2014 | E15: 99 | G15: H3 | H15: 24 | I15: 2015 | J15: 65 | L15: H3 | M15: 24 | N15: 2016 | O15: 60 | Q15: H3 | R15: 24 | S15: 2017 | T15: 70 | V15: H3 | W15: 24 | X15: 2018 | Y15: 63 | AA15: H3 | AB15: 24 | AC15: 2019 | AD15: 60
B16: H3 | C16: 36 | D16: 2014 | E16: 33 | G16: H3 | H16: 36 | I16: 2015 | J16: 70 | L16: H3 | M16: 36 | N16: 2016 | O16: 60 | Q16: H3 | R16: 36 | S16: 2017 | T16: 80 | V16: H3 | W16: 36 | X16: 2018 | Y16: 70
B17: H3 | C17: 36 | D17: 2014 | E17: 57 | G17: H3 | H17: 36 | I17: 2015 | J17: 50 | L17: H3 | M17: 36 | N17: 2016 | O17: 50 | Q17: H3 | R17: 36 | S17: 2017 | T17: 50 | V17: H3 | W17: 36 | X17: 2018 | Y17: 52
B18: H3 | C18: 36 | D18: 2014 | E18: 70 | G18: H3 | H18: 36 | I18: 2015 | J18: 41 | L18: H3 | M18: 36 | N18: 2016 | O18: 46 | Q18: H3 | R18: 36 | S18: 2017 | T18: 41 | V18: H3 | W18: 36 | X18: 2018 | Y18: 50
B19: H3 | C19: 48 | D19: 2014 | E19: 12 | G19: H3 | H19: 48 | I19: 2015 | J19: 6 | L19: H3 | M19: 48 | N19: 2016 | O19: 8 | Q19: H3 | R19: 48 | S19: 2017 | T19: 5
B20: H3 | C20: 48 | D20: 2014 | E20: 18 | G20: H3 | H20: 48 | I20: 2015 | J20: 4 | L20: H3 | M20: 48 | N20: 2016 | O20: 6 | Q20: H3 | R20: 48 | S20: 2017 | T20: 4
B21: H3 | C21: 60 | D21: 2014 | E21: 3 | G21: H3 | H21: 60 | I21: 2015 | J21: 6 | L21: H3 | M21: 60 | N21: 2016 | O21: 2
B22: H3 | C22: 60 | D22: 2014 | E22: 2 | G22: H3 | H22: 60 | I22: 2015 | J22: 5 | L22: H3 | M22: 60 | N22: 2016 | O22: 1
B23: H3 | C23: 60 | D23: 2014 | E23: 4 | G23: H3 | H23: 60 | I23: 2015 | J23: 3 | L23: H3 | M23: 60 | N23: 2016 | O23: 1
B24: H3 | C24: 72 | D24: 2014 | E24: 1 | G24: H3 | H24: 72 | I24: 2015 | J24: 3

Sheet Processing
B2: Here we are creating different Queries for Different Years and then appending these all in a Single Table
B5: For Basic Chain Ladder Method
B8: Age | C8: Accident Year | D8: Claim Size (000s)
B9: 12 | C9: 2014 | D9: 64
B10: 12 | C10: 2014 | D10: 53
B11: 12 | C11: 2014 | D11: 23
B12: 12 | C12: 2014 | D12: 110
B13: 12 | C13: 2014 | D13: 132
B14: 24 | C14: 2014 | D14: 34
B15: 24 | C15: 2014 | D15: 125
B16: 24 | C16: 2014 | D16: 33
B17: 24 | C17: 2014 | D17: 57
B18: 24 | C18: 2014 | D18: 99
B19: 36 | C19: 2014 | D19: 33
B20: 36 | C20: 2014 | D20: 57
... B107: 12 | C107: 2020 | D107: 100

Sheet Output
B3: Basic Chain Ladder Method | E3: Expected Chain Ladder Method
A4: Year | B4: IBNR | E4: IBNR
A5: 2020 | B5: ='CL_Basic Method'!J17 -> 513.10934 | E5: ='CL_Expected Method'!J20 -> 723.06

Sheet CL_Expected Method
B2: Here, we are using a Expected Chain Ladder approach, because we can see that the Earned Premium in 2019 (Cell K19) has shown significantly higher growth that other Accident Years
B4: Also, we can see that the CFD of 12 Months Claim age(Cell C41) and 24 Month Claim age (Cell D41) is significantly higher than that of 36 Month Claim age (Cell E41)
B6: This means that a great proportion of total development is happening in the first 24 Months
B8: Due to these reasons, we cannot rely on the Ultimate Claim Amount found out using Basic Chain Ladder Method for 2020 and 2019
B10: And Hence for these years, we will Use, Expected Chain Ladder Method
B12: CUMULATIVE REPORTED CLAIMS (000s)
B13: Accident Year | C13: 12 | D13: 24 | E13: 36 | F13: 48 | G13: 60 | H13: 72 | I13: 84 | K13: CY OLEP
B14: 2014 | C14: =SUMIFS(Input!$E$6:$E$24,Input!$C$6:$C$24,"="&C13,Input!$D$6:$D$24,"="&$B14) -> 382 | D14: =SUMIFS(Input!$E$6:$E$24,Input!$C$6:$C$24,"="&D$13,Input!$D$6:$D$24,"="&$B14)+C14 -> 730 | E14: =SUMIFS(Input!$E$6:$E$24,Input!$C$6:$C$24,"="&E$13,Input!$D$6:$D$24,"="&$B14)+D14 -> 890 | F14: =SUMIFS(Input!$E$6:$E$24,Input!$C$6:$C$24,"="&F$13,Input!$D$6:$D$24,"="&$B14)+E14 -> 920 | G14: =SUMIFS(Input!$E$6:$E$24,Input!$C$6:$C$24,"="&G$13,Input!$D$6:$D$24,"="&$B14)+F14 -> 929 | H14: =SUMIFS(Input!$E$6:$E$24,Input!$C$6:$C$24,"="&H$13,Input!$D$6:$D$24,"="&$B14)+G14 -> 930 | I14: =SUMIFS(Input!$E$6:$E$24,Input!$C$6:$C$24,"="&I$13,Input!$D$6:$D$24,"="&$B14)+H14 -> 930 | K14: 1431
B15: 2015 | C15: 375 | D15: 745 | E15: 906 | F15: 916 | G15: 930 | H15: 933 | K15: 1435 | L15: =(K15/K14)-1 -> 0.0027952481
B16: 2016 | C16: 385 | D16: 755 | E16: 911 | F16: 925 | G16: 929 | K16: 1432 | L16: =(K16/K15)-1 -> -0.0020905923
B17: 2017 | C17: 399 | D17: 760 | E17: 931 | F17: 940 | K17: 1464 | L17: =(K17/K16)-1 -> 0.022346369
B18: 2018 | C18: 397 | D18: 750 | E18: 922 | K18: 1453 | L18: =(K18/K17)-1 -> -0.0075136612
B19: 2019 | C19: 422 | D19: 801 | J19: IBNR | K19: 1820 | L19: =(K19/K18)-1 -> 0.25258087
B20: 2020 | C20: 432 | I20: =G50 -> 1155.06 | J20: =I20-C20 -> 723.06 | K20: 1863 | L20: =(K20/K19)-1 -> 0.023626374
B25: Age to Age Factors
B26: Accident Year | C26: =C13&" - "&D13 -> 12 - 24 | D26: =D13&" - "&E13 -> 24 - 36 | E26: =E13&" - "&F13 -> 36 - 48 | F26: =F13&" - "&G13 -> 48 - 60 | G26: =G13&" - "&H13 -> 60 - 72 | H26: =H13&" - "&I13 -> 72 - 84 | I26: =I13&" - "&"Ult" -> 84 - Ult | K26: Loss Trend
B27: 2014 | C27: =IFERROR(D14/C14,"") -> 1.9109948 | D27: =IFERROR(E14/D14,"") -> 1.2191781 | E27: =IFERROR(F14/E14,"") -> 1.0337079 | F27: =IFERROR(G14/F14,"") -> 1.0097826 | G27: =IFERROR(H14/G14,"") -> 1.0010764 | H27: =IFERROR(I14/H14,"") -> 1 | I27: =IFERROR(J14/I14,"") -> 0 | K27: 0.01
B28: 2015 | C28: =IFERROR(D15/C15,"") -> 1.9866667 | D28: =IFERROR(E15/D15,"") -> 1.2161074 | E28: =IFERROR(F15/E15,"") -> 1.0110375 | F28: =IFERROR(G15/F15,"") -> 1.0152838 | G28: =IFERROR(H15/G15,"") -> 1.0032258 | H28: =IFERROR(I15/H15,"") -> 0 | I28: =IFERROR(J15/I15,"")
B29: 2016 | C29: =IFERROR(D16/C16,"") -> 1.961039 | D29: =IFERROR(E16/D16,"") -> 1.2066225 | E29: =IFERROR(F16/E16,"") -> 1.0153677 | F29: =IFERROR(G16/F16,"") -> 1.0043243 | G29: =IFERROR(H16/G16,"") | H29: =IFERROR(I16/H16,"") | I29: =IFERROR(J16/I16,"") | K29: Prem Trend
B30: 2017 | C30: =IFERROR(D17/C17,"") -> 1.9047619 | D30: =IFERROR(E17/D17,"") -> 1.225 | E30: =IFERROR(F17/E17,"") -> 1.009667 | F30: =IFERROR(G17/F17,"") | G30: =IFERROR(H17/G17,"") | H30: =IFERROR(I17/H17,"") | I30: =IFERROR(J17/I17,"") | K30: 0.025
B31: 2018 | C31: =IFERROR(D18/C18,"") -> 1.8891688 | D31: =IFERROR(E18/D18,"") -> 1.2293333 | E31: =IFERROR(F18/E18,"") | F31: =IFERROR(G18/F18,"") | G31: =IFERROR(H18/G18,"") | H31: =IFERROR(I18/H18,"") | I31: =IFERROR(J18/I18,"")
B32: 2019 | C32: =IFERROR(D19/C19,"") -> 1.8981043 | D32: =IFERROR(E19/D19,"") | E32: =IFERROR(F19/E19,"") | F32: =IFERROR(G19/F19,"") | G32: =IFERROR(H19/G19,"") | H32: =IFERROR(I19/H19,"") | I32: =IFERROR(J19/I19,"")
B33: 2020 | C33: =IFERROR(D20/C20,"") | D33: =IFERROR(E20/D20,"") | E33: =IFERROR(F20/E20,"") | F33: =IFERROR(G20/F20,"") | G33: =IFERROR(H20/G20,"") | H33: =IFERROR(I20/H20,"")
B36: 3-Yr Simple | C36: =AVERAGE(OFFSET(C27,COUNT(C28:C33),0,-3,1)) -> 1.897345 | D36: =AVERAGE(OFFSET(D27,COUNT(D28:D33),0,-3,1)) -> 1.2203186 | E36: =AVERAGE(OFFSET(E27,COUNT(E28:E33),0,-3,1)) -> 1.0120241 | F36: =AVERAGE(OFFSET(F27,COUNT(F28:F33),0,-3,1)) -> 1.0097969 | G36: =AVERAGE(G27:G28) -> 1.0021511 | H36: =H27 -> 1
B37: 3-Yr Wtd | C37: =SUM(OFFSET(D13,COUNT(D14:D20),0,-3,1))/SUM(OFFSET(C13,COUNT(C14:C20)-1,0,-3,1)) -> 1.8973727 | D37: =SUM(OFFSET(E13,COUNT(E14:E20),0,-3,1))/SUM(OFFSET(D13,COUNT(D14:D20)-1,0,-3,1)) -> 1.2203091 | E37: =SUM(OFFSET(F13,COUNT(F14:F20),0,-3,1))/SUM(OFFSET(E13,COUNT(E14:E20)-1,0,-3,1)) -> 1.0120087 | F37: =SUM(OFFSET(G13,COUNT(G14:G20),0,-3,1))/SUM(OFFSET(F13,COUNT(F14:F20)-1,0,-3,1)) -> 1.0097791 | G37: =SUM(H14:H15)/SUM(G14:G15) -> 1.0021517 | H37: =SUM(I14)/SUM(H14) -> 1
B39: Selected LDF | C39: =C36 -> 1.897345 | D39: =D36 -> 1.2203186 | E39: =E36 -> 1.0120241 | F39: =F36 -> 1.0097969 | G39: =G36 -> 1.0021511 | H39: =H36 -> 1
C40: =C13&"-"&"Ult" -> 12-Ult | D40: =D13&"-"&"Ult" -> 24-Ult | E40: =E13&"-"&"Ult" -> 36-Ult | F40: =F13&"-"&"Ult" -> 48-Ult | G40: =G13&"-"&"Ult" -> 60-Ult | H40: =H13&"-"&"Ult" -> 72-Ult
B41: CDF | C41: =D41*C39 -> 2.3712517 | D41: =E41*D39 -> 1.2497736 | E41: =F41*E39 -> 1.0241371 | F41: =G41*F39 -> 1.0119691 | G41: =H41*G39 -> 1.0021511 | H41: =H39 -> 1
B43: AY | C43: Reported Claims | D43: CDF | E43: Rept Dev Ult Claims | F43: Trended Ult Loss Ratio | G43: Expected Ult Claims
B44: =B14 -> 2014 | C44: =OFFSET(B14,0,COUNT(C14:I14),1,1) -> 930 | D44: =1 -> 1 | E44: =PRODUCT(C44,D44) -> 930 | F44: =(E44/K14)*((1+$K$27)/(1+$K$30))^($B$50-B44) -> 0.59487863 | I44: ELR(2020 Level) | J44: 0.62
B45: =B15 -> 2015 | C45: =OFFSET(B15,0,COUNT(C15:I15),1,1) -> 933 | D45: =H$41 -> 1 | E45: =PRODUCT(C45,D45) -> 933 | F45: =(E45/K15)*((1+$K$27)/(1+$K$30))^($B$50-B45) -> 0.60397267 | I45: ELR(2019 Level) | J45: =J44*((1+K30)/(1+K27)) -> 0.62920792
B46: =B16 -> 2016 | C46: =OFFSET(B16,0,COUNT(C16:I16),1,1) -> 929 | D46: =G$41 -> 1.0021511 | E46: =PRODUCT(C46,D46) -> 930.99839 | F46: =(E46/K16)*((1+$K$27)/(1+$K$30))^($B$50-B46) -> 0.61290892
B47: =B17 -> 2017 | C47: =OFFSET(B17,0,COUNT(C17:I17),1,1) -> 940 | D47: =F$41 -> 1.0119691 | E47: =PRODUCT(C47,D47) -> 951.25097 | F47: =(E47/K17)*((1+$K$27)/(1+$K$30))^($B$50-B47) -> 0.62165089
B48: =B18 -> 2018 | C48: =OFFSET(B18,0,COUNT(C18:I18),1,1) -> 922 | D48: =E$41 -> 1.0241371 | E48: =PRODUCT(C48,D48) -> 944.25443 | F48: =(E48/K18)*((1+$K$27)/(1+$K$30))^($B$50-B48) -> 0.63098413
B49: =B19 -> 2019 | C49: =OFFSET(B19,0,COUNT(C19:I19),1,1) -> 801 | D49: =D$41 -> 1.2497736 | E49: =PRODUCT(C49,D49) -> 1001.0687 | G49: =J45*K19 -> 1145.1584
B50: =B20 -> 2020 | C50: =C20 -> 432 | D50: =C$41 -> 2.3712517 | E50: =PRODUCT(C50,D50) -> 1024.3807 | G50: =J44*K20 -> 1155.06

Sheet CL_Basic Method
B2: Here, we are using a Basic Chain Ladder approach, assuming that Earned Premium has no significant Jumps, i.e, Premiums are smooth
B9: CUMULATIVE REPORTED CLAIMS (000s)
B10: Accident Year | C10: 12 | D10: 24 | E10: 36 | F10: 48 | G10: 60 | H10: 72 | I10: 84
B11: 2014 | C11: =SUMIFS(Append1[Claim Size (000s)],Append1[Age],"="&C$10,Append1[Accident Year],"="&$B11) -> 382 | D11: =SUMIFS(Append1[Claim Size (000s)],Append1[Age],"="&D$10,Append1[Accident Year],"="&$B11)+C11 -> 730 | E11: =SUMIFS(Append1[Claim Size (000s)],Append1[Age],"="&E$10,Append1[Accident Year],"="&$B11)+D11 -> 890 | F11: =SUMIFS(Append1[Claim Size (000s)],Append1[Age],"="&F$10,Append1[Accident Year],"="&$B11)+E11 -> 920 | G11: =SUMIFS(Append1[Claim Size (000s)],Append1[Age],"="&G$10,Append1[Accident Year],"="&$B11)+F11 -> 929 | H11: =SUMIFS(Append1[Claim Size (000s)],Append1[Age],"="&H$10,Append1[Accident Year],"="&$B11)+G11 -> 930 | I11: =SUMIFS(Append1[Claim Size (000s)],Append1[Age],"="&I$10,Append1[Accident Year],"="&$B11)+H11 -> 930
B12: 2015 | C12: =SUMIFS(Append1[Claim Size (000s)],Append1[Age],"="&C$10,Append1[Accident Year],"="&$B12) -> 375 | D12: =SUMIFS(Append1[Claim Size (000s)],Append1[Age],"="&D$10,Append1[Accident Year],"="&$B12)+C12 -> 745 | E12: =SUMIFS(Append1[Claim Size (000s)],Append1[Age],"="&E$10,Append1[Accident Year],"="&$B12)+D12 -> 906 | F12: =SUMIFS(Append1[Claim Size (000s)],Append1[Age],"="&F$10,Append1[Accident Year],"="&$B12)+E12 -> 916 | G12: =SUMIFS(Append1[Claim Size (000s)],Append1[Age],"="&G$10,Append1[Accident Year],"="&$B12)+F12 -> 930 | H12: =SUMIFS(Append1[Claim Size (000s)],Append1[Age],"="&H$10,Append1[Accident Year],"="&$B12)+G12 -> 933
B13: 2016 | C13: =SUMIFS(Append1[Claim Size (000s)],Append1[Age],"="&C$10,Append1[Accident Year],"="&$B13) -> 385 | D13: =SUMIFS(Append1[Claim Size (000s)],Append1[Age],"="&D$10,Append1[Accident Year],"="&$B13)+C13 -> 755 | E13: =SUMIFS(Append1[Claim Size (000s)],Append1[Age],"="&E$10,Append1[Accident Year],"="&$B13)+D13 -> 911 | F13: =SUMIFS(Append1[Claim Size (000s)],Append1[Age],"="&F$10,Append1[Accident Year],"="&$B13)+E13 -> 925 | G13: =SUMIFS(Append1[Claim Size (000s)],Append1[Age],"="&G$10,Append1[Accident Year],"="&$B13)+F13 -> 929
B14: 2017 | C14: =SUMIFS(Append1[Claim Size (000s)],Append1[Age],"="&C$10,Append1[Accident Year],"="&$B14) -> 399 | D14: =SUMIFS(Append1[Claim Size (000s)],Append1[Age],"="&D$10,Append1[Accident Year],"="&$B14)+C14 -> 760 | E14: =SUMIFS(Append1[Claim Size (000s)],Append1[Age],"="&E$10,Append1[Accident Year],"="&$B14)+D14 -> 931 | F14: =SUMIFS(Append1[Claim Size (000s)],Append1[Age],"="&F$10,Append1[Accident Year],"="&$B14)+E14 -> 940
B15: 2018 | C15: =SUMIFS(Append1[Claim Size (000s)],Append1[Age],"="&C$10,Append1[Accident Year],"="&$B15) -> 397 | D15: =SUMIFS(Append1[Claim Size (000s)],Append1[Age],"="&D$10,Append1[Accident Year],"="&$B15)+C15 -> 750 | E15: =SUMIFS(Append1[Claim Size (000s)],Append1[Age],"="&E$10,Append1[Accident Year],"="&$B15)+D15 -> 922
B16: 2019 | C16: =SUMIFS(Append1[Claim Size (000s)],Append1[Age],"="&C$10,Append1[Accident Year],"="&$B16) -> 422 | D16: =SUMIFS(Append1[Claim Size (000s)],Append1[Age],"="&D$10,Append1[Accident Year],"="&$B16)+C16 -> 762 | J16: IBNR
B17: 2020 | C17: =SUMIFS(Append1[Claim Size (000s)],Append1[Age],"="&C$10,Append1[Accident Year],"="&$B17) -> 385 | I17: =C47 -> 898.10934 | J17: =I17-C17 -> 513.10934
B22: Age to Age Factors
B23: Accident Year | C23: =C10&" - "&D10 -> 12 - 24 | D23: =D10&" - "&E10 -> 24 - 36 | E23: =E10&" - "&F10 -> 36 - 48 | F23: =F10&" - "&G10 -> 48 - 60 | G23: =G10&" - "&H10 -> 60 - 72 | H23: =H10&" - "&I10 -> 72 - 84 | I23: =I10&" - "&"Ult" -> 84 - Ult
B24: 2014 | C24: =IFERROR(D11/C11,"") -> 1.9109948 | D24: =IFERROR(E11/D11,"") -> 1.2191781 | E24: =IFERROR(F11/E11,"") -> 1.0337079 | F24: =IFERROR(G11/F11,"") -> 1.0097826 | G24: =IFERROR(H11/G11,"") -> 1.0010764 | H24: =IFERROR(I11/H11,"") -> 1 | I24: =IFERROR(J11/I11,"") -> 0
B25: 2015 | C25: =IFERROR(D12/C12,"") -> 1.9866667 | D25: =IFERROR(E12/D12,"") -> 1.2161074 | E25: =IFERROR(F12/E12,"") -> 1.0110375 | F25: =IFERROR(G12/F12,"") -> 1.0152838 | G25: =IFERROR(H12/G12,"") -> 1.0032258 | H25: =IFERROR(I12/H12,"") -> 0 | I25: =IFERROR(J12/I12,"")
B26: 2016 | C26: =IFERROR(D13/C13,"") -> 1.961039 | D26: =IFERROR(E13/D13,"") -> 1.2066225 | E26: =IFERROR(F13/E13,"") -> 1.0153677 | F26: =IFERROR(G13/F13,"") -> 1.0043243 | G26: =IFERROR(H13/G13,"") | H26: =IFERROR(I13/H13,"") | I26: =IFERROR(J13/I13,"")
B27: 2017 | C27: =IFERROR(D14/C14,"") -> 1.9047619 | D27: =IFERROR(E14/D14,"") -> 1.225 | E27: =IFERROR(F14/E14,"") -> 1.009667 | F27: =IFERROR(G14/F14,"") | G27: =IFERROR(H14/G14,"") | H27: =IFERROR(I14/H14,"") | I27: =IFERROR(J14/I14,"")
B28: 2018 | C28: =IFERROR(D15/C15,"") -> 1.8891688 | D28: =IFERROR(E15/D15,"") -> 1.2293333 | E28: =IFERROR(F15/E15,"") | F28: =IFERROR(G15/F15,"") | G28: =IFERROR(H15/G15,"") | H28: =IFERROR(I15/H15,"") | I28: =IFERROR(J15/I15,"")
B29: 2019 | C29: =IFERROR(D16/C16,"") -> 1.8056872 | D29: =IFERROR(E16/D16,"") | E29: =IFERROR(F16/E16,"") | F29: =IFERROR(G16/F16,"") | G29: =IFERROR(H16/G16,"") | H29: =IFERROR(I16/H16,"") | I29: =IFERROR(J16/I16,"")
B30: 2020 | C30: =IFERROR(D17/C17,"") | D30: =IFERROR(E17/D17,"") | E30: =IFERROR(F17/E17,"") | F30: =IFERROR(G17/F17,"") | G30: =IFERROR(H17/G17,"") | H30: =IFERROR(I17/H17,"")
B33: 3-Yr Simple | C33: =AVERAGE(OFFSET(C24,COUNT(C25:C30),0,-3,1)) -> 1.8665393 | D33: =AVERAGE(OFFSET(D24,COUNT(D25:D30),0,-3,1)) -> 1.2203186 | E33: =AVERAGE(OFFSET(E24,COUNT(E25:E30),0,-3,1)) -> 1.0120241 | F33: =AVERAGE(OFFSET(F24,COUNT(F25:F30),0,-3,1)) -> 1.0097969 | G33: =AVERAGE(G24:G25) -> 1.0021511 | H33: =H24 -> 1
B34: 3-Yr Wtd | C34: =SUM(OFFSET(D10,COUNT(D11:D17),0,-3,1))/SUM(OFFSET(C10,COUNT(C11:C17)-1,0,-3,1)) -> 1.865353 | D34: =SUM(OFFSET(E10,COUNT(E11:E17),0,-3,1))/SUM(OFFSET(D10,COUNT(D11:D17)-1,0,-3,1)) -> 1.2203091 | E34: =SUM(OFFSET(F10,COUNT(F11:F17),0,-3,1))/SUM(OFFSET(E10,COUNT(E11:E17)-1,0,-3,1)) -> 1.0120087 | F34: =SUM(OFFSET(G10,COUNT(G11:G17),0,-3,1))/SUM(OFFSET(F10,COUNT(F11:F17)-1,0,-3,1)) -> 1.0097791 | G34: =SUM(H11:H12)/SUM(G11:G12) -> 1.0021517 | H34: =SUM(I11)/SUM(H11) -> 1
B36: Selected LDF | C36: =C33 -> 1.8665393 | D36: =D33 -> 1.2203186 | E36: =E33 -> 1.0120241 | F36: =F33 -> 1.0097969 | G36: =G33 -> 1.0021511 | H36: =H33 -> 1
C37: =C10&"-"&"Ult" -> 12-Ult | D37: =D10&"-"&"Ult" -> 24-Ult | E37: =E10&"-"&"Ult" -> 36-Ult | F37: =F10&"-"&"Ult" -> 48-Ult | G37: =G10&"-"&"Ult" -> 60-Ult | H37: =H10&"-"&"Ult" -> 72-Ult
B38: CDF | C38: =D38*C36 -> 2.3327515 | D38: =E38*D36 -> 1.2497736 | E38: =F38*E36 -> 1.0241371 | F38: =G38*F36 -> 1.0119691 | G38: =H38*G36 -> 1.0021511 | H38: =H36 -> 1
B40: AY | C40: Ult losses
B41: =B11 -> 2014 | C41: =I11 -> 930
B42: =B12 -> 2015 | C42: =H12*H$38 -> 933
B43: =B13 -> 2016 | C43: =G13*G$38 -> 930.99839
B44: =B14 -> 2017 | C44: =F14*F$38 -> 951.25097
B45: =B15 -> 2018 | C45: =E15*E$38 -> 944.25443
B46: =B16 -> 2019 | C46: =D16*D$38 -> 952.32748
B47: =B17 -> 2020 | C47: =C17*C$38 -> 898.10934
